[
  {
    "label": "LB-AK: Aakkâr; ‘Akkār",
    "value": "LB-AK"
  },
  {
    "label": "LB-AS: Ash Shimāl; Liban-Nord",
    "value": "LB-AS"
  },
  {
    "label": "LB-BA: Bayrūt; Beyrouth",
    "value": "LB-BA"
  },
  {
    "label": "LB-BH: Baalbek-Hermel; B‘alabak-Al Hirmil",
    "value": "LB-BH"
  },
  {
    "label": "LB-BI: Al Biqā‘; Béqaa",
    "value": "LB-BI"
  },
  {
    "label": "LB-JA: Al Janūb; Liban-Sud",
    "value": "LB-JA"
  },
  {
    "label": "LB-JL: Jabal Lubnān; Mont-Liban",
    "value": "LB-JL"
  },
  {
    "label": "LB-NA: An Nabaţīyah; Nabatîyé",
    "value": "LB-NA"
  }
]