[
  {
    "label": "LK-1: Basnāhira paḷāta; Mel mākāṇam; Western Province",
    "value": "LK-1"
  },
  {
    "label": "LK-11: Colombo; Kŏl̮umpu; Kŏḷamba",
    "value": "LK-11"
  },
  {
    "label": "LK-12: Gampaha; Kampahā",
    "value": "LK-12"
  },
  {
    "label": "LK-13: Kalutara; Kaḷutara; Kaḷuttuṟai",
    "value": "LK-13"
  },
  {
    "label": "LK-2: Central Province; Madhyama paḷāta; Mattiya mākāṇam",
    "value": "LK-2"
  },
  {
    "label": "LK-21: Kandy; Kaṇṭi; Mahanuvara",
    "value": "LK-21"
  },
  {
    "label": "LK-22: Matale; Mātale; Māttaḷai",
    "value": "LK-22"
  },
  {
    "label": "LK-23: Nuvara Ĕliya; Nuvarĕliyā; Nuwara Eliya",
    "value": "LK-23"
  },
  {
    "label": "LK-3: Dakuṇu paḷāta; Southern Province; Tĕṉ mākāṇam",
    "value": "LK-3"
  },
  {
    "label": "LK-31: Galle; Gālla; Kāli",
    "value": "LK-31"
  },
  {
    "label": "LK-32: Matara; Mātara; Māttaṛai",
    "value": "LK-32"
  },
  {
    "label": "LK-33: Ampāntōṭṭai; Hambantota; Hambantŏṭa",
    "value": "LK-33"
  },
  {
    "label": "LK-4: Northern Province; Uturu paḷāta; Vaṭakku mākāṇam",
    "value": "LK-4"
  },
  {
    "label": "LK-41: Jaffna; Yāl̮ppāṇam; Yāpanaya",
    "value": "LK-41"
  },
  {
    "label": "LK-42: Kilinochchi; Kilinŏchchi; Kiḷinochchi",
    "value": "LK-42"
  },
  {
    "label": "LK-43: Mannar; Mannārama; Maṉṉār",
    "value": "LK-43"
  },
  {
    "label": "LK-44: Vavuniya; Vavuniyāva; Vavuṉiyā",
    "value": "LK-44"
  },
  {
    "label": "LK-45: Mulativ; Mullaittivu; Mullaittīvu",
    "value": "LK-45"
  },
  {
    "label": "LK-5: Eastern Province; Kil̮akku mākāṇam; Næ̆gĕnahira paḷāta",
    "value": "LK-5"
  },
  {
    "label": "LK-51: Batticaloa; Maḍakalapuva; Maṭṭakkaḷappu",
    "value": "LK-51"
  },
  {
    "label": "LK-52: Ampara; Ampāra; Ampāṟai",
    "value": "LK-52"
  },
  {
    "label": "LK-53: Tirukŏṇamalai; Trikuṇāmalaya; Trincomalee",
    "value": "LK-53"
  },
  {
    "label": "LK-6: North Western Province; Vayamba paḷāta; Vaṭamel mākāṇam",
    "value": "LK-6"
  },
  {
    "label": "LK-61: Kurunegala; Kurunākal; Kuruṇægala",
    "value": "LK-61"
  },
  {
    "label": "LK-62: Puttalam; Puttalama; Puttaḷam",
    "value": "LK-62"
  },
  {
    "label": "LK-7: North Central Province; Uturumæ̆da paḷāta; Vaṭamattiya mākāṇam",
    "value": "LK-7"
  },
  {
    "label": "LK-71: Anuradhapura; Anurādhapura; Anurātapuram",
    "value": "LK-71"
  },
  {
    "label": "LK-72: Polonnaruwa; Pŏlaṉṉaṛuvai; Pŏḷŏnnaruva",
    "value": "LK-72"
  },
  {
    "label": "LK-8: Uva Province; Ūva paḷāta; Ūvā mākāṇam",
    "value": "LK-8"
  },
  {
    "label": "LK-81: Badulla; Patuḷai",
    "value": "LK-81"
  },
  {
    "label": "LK-82: Monaragala; Mŏṇarāgala; Mŏṉarākalai",
    "value": "LK-82"
  },
  {
    "label": "LK-9: Chappirakamuva mākāṇam; Sabaragamuva paḷāta; Sabaragamuwa Province",
    "value": "LK-9"
  },
  {
    "label": "LK-91: Irattiṉapuri; Ratnapura",
    "value": "LK-91"
  },
  {
    "label": "LK-92: Kegalla; Kekālai; Kægalla",
    "value": "LK-92"
  }
]